{
	"credit": "Made with Blockbench",
	"texture_size": [64, 64],
	"textures": {
		"0": "sgjourney:block/naquadah_generator_mark_ii_active",
		"particle": "sgjourney:block/naquadah_generator_mark_ii_active"
	},
	"elements": [
		{
			"from": [0, 2, 5],
			"to": [16, 5, 11],
			"rotation": {"angle": 0, "axis": "y", "origin": [16, 0, 5]},
			"faces": {
				"north": {"uv": [5.5, 5, 1.5, 5.75], "texture": "#0"},
				"east": {"uv": [7, 5, 5.5, 5.75], "texture": "#0"},
				"south": {"uv": [11, 5, 7, 5.75], "texture": "#0"},
				"west": {"uv": [1.5, 5, 0, 5.75], "texture": "#0"},
				"up": {"uv": [1.5, 5, 5.5, 3.5], "texture": "#0"},
				"down": {"uv": [5.5, 3.5, 9.5, 5], "texture": "#0"}
			}
		},
		{
			"from": [2, 0, 5],
			"to": [14, 1, 11],
			"rotation": {"angle": 0, "axis": "y", "origin": [16, -2, 5]},
			"faces": {
				"north": {"uv": [4.5, 9, 1.5, 9.25], "texture": "#0"},
				"east": {"uv": [6, 9, 4.5, 9.25], "texture": "#0"},
				"south": {"uv": [9, 9, 6, 9.25], "texture": "#0"},
				"west": {"uv": [1.5, 9, 0, 9.25], "texture": "#0"},
				"up": {"uv": [1.5, 9, 4.5, 7.5], "texture": "#0"},
				"down": {"uv": [4.5, 7.5, 7.5, 9], "texture": "#0"}
			}
		},
		{
			"from": [1, 1, 5],
			"to": [15, 2, 11],
			"rotation": {"angle": 0, "axis": "y", "origin": [16, -1, 5]},
			"faces": {
				"north": {"uv": [5, 7.25, 1.5, 7.5], "texture": "#0"},
				"east": {"uv": [6.5, 7.25, 5, 7.5], "texture": "#0"},
				"south": {"uv": [10, 7.25, 6.5, 7.5], "texture": "#0"},
				"west": {"uv": [1.5, 7.25, 0, 7.5], "texture": "#0"},
				"up": {"uv": [1.5, 7.25, 5, 5.75], "texture": "#0"},
				"down": {"uv": [5, 5.75, 8.5, 7.25], "texture": "#0"}
			}
		},
		{
			"from": [2, 6, 5],
			"to": [6, 7, 11],
			"rotation": {"angle": 0, "axis": "y", "origin": [16, 2, 5]},
			"faces": {
				"north": {"uv": [2.5, 1.5, 1.5, 1.75], "texture": "#0"},
				"east": {"uv": [4, 1.5, 2.5, 1.75], "texture": "#0"},
				"south": {"uv": [5, 1.5, 4, 1.75], "texture": "#0"},
				"west": {"uv": [1.5, 1.5, 0, 1.75], "texture": "#0"},
				"up": {"uv": [1.5, 1.5, 2.5, 0], "texture": "#0"},
				"down": {"uv": [2.5, 0, 3.5, 1.5], "texture": "#0"}
			}
		},
		{
			"from": [12, 5, 5],
			"to": [16, 6, 11],
			"rotation": {"angle": 0, "axis": "y", "origin": [26, 1, 5]},
			"faces": {
				"north": {"uv": [2.5, 14.25, 1.5, 14.5], "texture": "#0"},
				"east": {"uv": [4, 14.25, 2.5, 14.5], "texture": "#0"},
				"south": {"uv": [5, 14.25, 4, 14.5], "texture": "#0"},
				"west": {"uv": [1.5, 14.25, 0, 14.5], "texture": "#0"},
				"up": {"uv": [1.5, 14.25, 2.5, 12.75], "texture": "#0"},
				"down": {"uv": [2.5, 12.75, 3.5, 14.25], "texture": "#0"}
			}
		},
		{
			"from": [1, 5, 5],
			"to": [7, 6, 11],
			"rotation": {"angle": 0, "axis": "y", "origin": [16, 1, 5]},
			"faces": {
				"north": {"uv": [3, 3.25, 1.5, 3.5], "texture": "#0"},
				"east": {"uv": [4.5, 3.25, 3, 3.5], "texture": "#0"},
				"south": {"uv": [6, 3.25, 4.5, 3.5], "texture": "#0"},
				"west": {"uv": [1.5, 3.25, 0, 3.5], "texture": "#0"},
				"up": {"uv": [1.5, 3.25, 3, 1.75], "texture": "#0"},
				"down": {"uv": [3, 1.75, 4.5, 3.25], "texture": "#0"}
			}
		},
		{
			"from": [-0.825, 0, 5.025],
			"to": [2, 1, 10.975],
			"rotation": {"angle": -45, "axis": "z", "origin": [2, 0, 8]},
			"faces": {
				"north": {"uv": [2, 10.75, 1.5, 11], "texture": "#0"},
				"east": {"uv": [3.5, 10.75, 2, 11], "texture": "#0"},
				"south": {"uv": [4, 10.75, 3.5, 11], "texture": "#0"},
				"west": {"uv": [1.5, 10.75, 0, 11], "texture": "#0"},
				"up": {"uv": [1.5, 10.75, 2, 9.25], "texture": "#0"},
				"down": {"uv": [2, 9.25, 2.5, 10.75], "texture": "#0"}
			}
		},
		{
			"from": [-0.825, 6, 5.025],
			"to": [2, 7, 10.975],
			"rotation": {"angle": 45, "axis": "z", "origin": [2, 7, 8]},
			"faces": {
				"north": {"uv": [2, 12.75, 1.5, 12.5], "texture": "#0"},
				"east": {"uv": [3.5, 12.75, 2, 12.5], "texture": "#0"},
				"south": {"uv": [4, 12.75, 3.5, 12.5], "texture": "#0"},
				"west": {"uv": [1.5, 12.75, 0, 12.5], "texture": "#0"},
				"up": {"uv": [2, 12.5, 2.5, 11], "texture": "#0"},
				"down": {"uv": [1.5, 11, 2, 12.5], "texture": "#0"}
			}
		},
		{
			"from": [6, 6, 5.025],
			"to": [8.825, 7, 10.975],
			"rotation": {"angle": -45, "axis": "z", "origin": [6, 7, 8]},
			"faces": {
				"north": {"uv": [1.5, 12.75, 2, 12.5], "texture": "#0"},
				"east": {"uv": [0, 12.75, 1.5, 12.5], "texture": "#0"},
				"south": {"uv": [3.5, 12.75, 4, 12.5], "texture": "#0"},
				"west": {"uv": [2, 12.75, 3.5, 12.5], "texture": "#0"},
				"up": {"uv": [2.5, 12.5, 2, 11], "texture": "#0"},
				"down": {"uv": [2, 11, 1.5, 12.5], "texture": "#0"}
			}
		},
		{
			"from": [10.13388, 5.88388, 5.025],
			"to": [11.63388, 6.88388, 10.975],
			"rotation": {"angle": 45, "axis": "z", "origin": [12.88388, 6.88388, 8]},
			"faces": {
				"north": {"uv": [1.75, 12.75, 1.5, 12.5], "texture": "#0"},
				"east": {"uv": [3.5, 12.75, 2, 12.5], "texture": "#0"},
				"south": {"uv": [3.75, 12.75, 3.5, 12.5], "texture": "#0"},
				"west": {"uv": [1.5, 12.75, 0, 12.5], "texture": "#0"},
				"up": {"uv": [2, 12.5, 2.25, 11], "texture": "#0"},
				"down": {"uv": [1.5, 11, 1.75, 12.5], "texture": "#0"}
			}
		},
		{
			"from": [14, 0, 5.025],
			"to": [16.825, 1, 10.975],
			"rotation": {"angle": 45, "axis": "z", "origin": [14, 0, 8]},
			"faces": {
				"north": {"uv": [1.5, 10.75, 2, 11], "texture": "#0"},
				"east": {"uv": [0, 10.75, 1.5, 11], "texture": "#0"},
				"south": {"uv": [3.5, 10.75, 4, 11], "texture": "#0"},
				"west": {"uv": [2, 10.75, 3.5, 11], "texture": "#0"},
				"up": {"uv": [2, 10.75, 1.5, 9.25], "texture": "#0"},
				"down": {"uv": [2.5, 9.25, 2, 10.75], "texture": "#0"}
			}
		}
	],
	"display": {
		"thirdperson_righthand": {
			"translation": [0, 3, 0],
			"scale": [0.5, 0.5, 0.5]
		},
		"thirdperson_lefthand": {
			"translation": [0, 3, 0],
			"scale": [0.5, 0.5, 0.5]
		},
		"firstperson_righthand": {
			"rotation": [0, -25, 0],
			"translation": [0, 3, 0],
			"scale": [0.5, 0.5, 0.5]
		},
		"firstperson_lefthand": {
			"rotation": [0, -25, 0],
			"translation": [0, 3, 0],
			"scale": [0.5, 0.5, 0.5]
		},
		"ground": {
			"translation": [0, 1, 0],
			"scale": [0.5, 0.5, 0.5]
		},
		"fixed": {
			"translation": [0, 3.5, 0]
		}
	}
}