{
        "render_type": "minecraft:cutout",
	"credit": "Made with Blockbench",
	"texture_size": [64, 64],
	"textures": {
		"0": "sgjourney:block/pegasus_dhd",
		"particle": "sgjourney:block/pegasus_dhd"
	},
	"elements": [
		{
			"from": [3, -3, 6],
			"to": [13, 14, 14],
			"rotation": {"angle": -22.5, "axis": "x", "origin": [8, 7, 9]},
			"faces": {
				"north": {"uv": [6, 10.25, 8.5, 14.5], "texture": "#0"},
				"east": {"uv": [4, 10.25, 6, 14.5], "texture": "#0"},
				"south": {"uv": [10.5, 10.25, 13, 14.5], "texture": "#0"},
				"west": {"uv": [8.5, 10.25, 10.5, 14.5], "texture": "#0"},
				"up": {"uv": [8.5, 10.25, 6, 8.25], "texture": "#0"},
				"down": {"uv": [11, 8.25, 8.5, 10.25], "texture": "#0"}
			}
		},
		{
			"from": [0, 14, 5],
			"to": [16, 16, 15],
			"rotation": {"angle": -22.5, "axis": "x", "origin": [8, 7, 9]},
			"faces": {
				"north": {"uv": [0, 3.5, 4, 4], "texture": "#0"},
				"east": {"uv": [0, 4.5, 2.5, 5], "texture": "#0"},
				"south": {"uv": [0, 3.5, 4, 4], "texture": "#0"},
				"west": {"uv": [0, 4.5, 2.5, 5], "texture": "#0"},
				"up": {"uv": [0, 0.5, 4, 3], "texture": "#0"},
				"down": {"uv": [4, 0.5, 8, 3], "texture": "#0"}
			}
		},
		{
			"from": [4, 16, 6],
			"to": [12, 17, 14],
			"rotation": {"angle": -22.5, "axis": "x", "origin": [8, 7, 9]},
			"faces": {
				"north": {"uv": [0.25, 5.25, 2.25, 5.5], "texture": "#0"},
				"east": {"uv": [0.25, 5.25, 2.25, 5.5], "texture": "#0"},
				"south": {"uv": [0.25, 5.25, 2.25, 5.5], "texture": "#0"},
				"west": {"uv": [0.25, 5.25, 2.25, 5.5], "texture": "#0"},
				"up": {"uv": [0.25, 5.25, 2.25, 7.25], "texture": "#0"}
			}
		},
		{
			"from": [6, 17, 8],
			"to": [10, 18, 12],
			"rotation": {"angle": -22.5, "axis": "x", "origin": [8, 7, 9]},
			"faces": {
				"north": {"uv": [0, 8.25, 1, 8.5], "texture": "#0"},
				"east": {"uv": [0, 8.25, 1, 8.5], "texture": "#0"},
				"south": {"uv": [0, 8.25, 1, 8.5], "texture": "#0"},
				"west": {"uv": [0, 8.25, 1, 8.5], "texture": "#0"},
				"up": {"uv": [0, 8.25, 1, 9.25], "texture": "#0"}
			}
		},
		{
			"from": [12, 16, 7],
			"to": [13, 17, 13],
			"rotation": {"angle": -22.5, "axis": "x", "origin": [8, 7, 9]},
			"faces": {
				"north": {"uv": [0.5, 5, 0.75, 5.25], "texture": "#0"},
				"east": {"uv": [0.5, 5, 2, 5.25], "texture": "#0"},
				"south": {"uv": [0.5, 5, 0.75, 5.25], "texture": "#0"},
				"up": {"uv": [0, 5.5, 0.25, 7], "texture": "#0"}
			}
		},
		{
			"from": [3, 16, 7],
			"to": [4, 17, 13],
			"rotation": {"angle": -22.5, "axis": "x", "origin": [8, 7, 9]},
			"faces": {
				"north": {"uv": [0.5, 5, 0.75, 5.25], "texture": "#0"},
				"south": {"uv": [0.5, 5, 0.75, 5.25], "texture": "#0"},
				"west": {"uv": [0.5, 5, 2, 5.25], "texture": "#0"},
				"up": {"uv": [0, 5.5, 0.25, 7], "texture": "#0"}
			}
		},
		{
			"from": [5, 16, 5],
			"to": [11, 17, 6],
			"rotation": {"angle": -22.5, "axis": "x", "origin": [8, 7, 9]},
			"faces": {
				"north": {"uv": [0.5, 5, 2, 5.25], "texture": "#0"},
				"east": {"uv": [0.5, 5, 0.75, 5.25], "texture": "#0"},
				"west": {"uv": [0.5, 5, 0.75, 5.25], "texture": "#0"},
				"up": {"uv": [0.5, 5, 2, 5.25], "texture": "#0"}
			}
		},
		{
			"from": [5, 16, 14],
			"to": [11, 17, 15],
			"rotation": {"angle": -22.5, "axis": "x", "origin": [8, 7, 9]},
			"faces": {
				"east": {"uv": [0.5, 5, 0.75, 5.25], "texture": "#0"},
				"south": {"uv": [0.5, 5, 2, 5.25], "texture": "#0"},
				"west": {"uv": [0.5, 5, 0.75, 5.25], "texture": "#0"},
				"up": {"uv": [0.5, 5, 2, 5.25], "texture": "#0"}
			}
		},
		{
			"from": [1, 14, 4],
			"to": [15, 16, 5],
			"rotation": {"angle": -22.5, "axis": "x", "origin": [8, 7, 9]},
			"faces": {
				"north": {"uv": [0, 4, 3.5, 4.5], "texture": "#0"},
				"east": {"uv": [0, 4, 0.25, 4.5], "texture": "#0"},
				"west": {"uv": [3.25, 4, 3.5, 4.5], "texture": "#0"},
				"up": {"uv": [0.25, 3, 3.75, 3.25], "texture": "#0"},
				"down": {"uv": [4.25, 3, 7.75, 3.25], "texture": "#0"}
			}
		},
		{
			"from": [1, 14, 15],
			"to": [15, 16, 16],
			"rotation": {"angle": -22.5, "axis": "x", "origin": [8, 7, 9]},
			"faces": {
				"east": {"uv": [0, 4, 0.25, 4.5], "texture": "#0"},
				"south": {"uv": [0, 4, 3.5, 4.5], "texture": "#0"},
				"west": {"uv": [3.25, 4, 3.5, 4.5], "texture": "#0"},
				"up": {"uv": [0.25, 0.25, 3.75, 0.5], "texture": "#0"},
				"down": {"uv": [4.25, 0.25, 7.75, 0.5], "texture": "#0"}
			}
		},
		{
			"from": [12, 14, 17],
			"to": [15, 16, 18],
			"rotation": {"angle": -22.5, "axis": "x", "origin": [8, 7, 9]},
			"faces": {
				"north": {"uv": [8.25, 2, 9, 2.5], "texture": "#0"},
				"east": {"uv": [8, 2, 8.25, 2.5], "texture": "#0"},
				"south": {"uv": [9.25, 2, 10, 2.5], "texture": "#0"},
				"west": {"uv": [9, 2, 9.25, 2.5], "texture": "#0"},
				"up": {"uv": [9, 2, 8.25, 1.75], "texture": "#0"},
				"down": {"uv": [9.75, 1.75, 9, 2], "texture": "#0"}
			}
		},
		{
			"from": [13, 14, 16],
			"to": [16, 16, 17],
			"rotation": {"angle": -22.5, "axis": "x", "origin": [8, 7, 9]},
			"faces": {
				"north": {"uv": [8.25, 2, 9, 2.5], "texture": "#0"},
				"east": {"uv": [8, 2, 8.25, 2.5], "texture": "#0"},
				"south": {"uv": [9.25, 2, 10, 2.5], "texture": "#0"},
				"west": {"uv": [9, 2, 9.25, 2.5], "texture": "#0"},
				"up": {"uv": [9, 2, 8.25, 1.75], "texture": "#0"},
				"down": {"uv": [9.75, 1.75, 9, 2], "texture": "#0"}
			}
		},
		{
			"from": [14, 14, 18],
			"to": [15, 16, 19],
			"rotation": {"angle": -22.5, "axis": "x", "origin": [8, 7, 9]},
			"faces": {
				"north": {"uv": [8.25, 1.25, 8.5, 1.75], "texture": "#0"},
				"east": {"uv": [8, 1.25, 8.25, 1.75], "texture": "#0"},
				"south": {"uv": [8.75, 1.25, 9, 1.75], "texture": "#0"},
				"west": {"uv": [8.5, 1.25, 8.75, 1.75], "texture": "#0"},
				"up": {"uv": [8.5, 1.25, 8.25, 1], "texture": "#0"},
				"down": {"uv": [8.75, 1, 8.5, 1.25], "texture": "#0"}
			}
		},
		{
			"from": [15, 14, 15],
			"to": [16, 16, 16],
			"rotation": {"angle": -22.5, "axis": "x", "origin": [8, 7, 9]},
			"faces": {
				"north": {"uv": [8.25, 1.25, 8.5, 1.75], "texture": "#0"},
				"east": {"uv": [8, 1.25, 8.25, 1.75], "texture": "#0"},
				"south": {"uv": [8.75, 1.25, 9, 1.75], "texture": "#0"},
				"west": {"uv": [8.5, 1.25, 8.75, 1.75], "texture": "#0"},
				"up": {"uv": [8.5, 1.25, 8.25, 1], "texture": "#0"},
				"down": {"uv": [8.75, 1, 8.5, 1.25], "texture": "#0"}
			}
		},
		{
			"from": [11, 14, 18],
			"to": [14, 16, 20],
			"rotation": {"angle": -22.5, "axis": "x", "origin": [8, 7, 9]},
			"faces": {
				"north": {"uv": [8.5, 0.5, 9.25, 1], "texture": "#0"},
				"east": {"uv": [8, 0.5, 8.5, 1], "texture": "#0"},
				"south": {"uv": [9.75, 0.5, 10.5, 1], "texture": "#0"},
				"west": {"uv": [9.25, 0.5, 9.75, 1], "texture": "#0"},
				"up": {"uv": [9.25, 0.5, 8.5, 0], "texture": "#0"},
				"down": {"uv": [10, 0, 9.25, 0.5], "texture": "#0"}
			}
		},
		{
			"from": [2, 14, 18],
			"to": [5, 16, 20],
			"rotation": {"angle": -22.5, "axis": "x", "origin": [8, 7, 9]},
			"faces": {
				"north": {"uv": [9.25, 0.5, 8.5, 1], "texture": "#0"},
				"east": {"uv": [9.75, 0.5, 9.25, 1], "texture": "#0"},
				"south": {"uv": [10.5, 0.5, 9.75, 1], "texture": "#0"},
				"west": {"uv": [8.5, 0.5, 8, 1], "texture": "#0"},
				"up": {"uv": [8.5, 0.5, 9.25, 0], "texture": "#0"},
				"down": {"uv": [9.25, 0, 10, 0.5], "texture": "#0"}
			}
		},
		{
			"from": [1, 14, 18],
			"to": [2, 16, 19],
			"rotation": {"angle": -22.5, "axis": "x", "origin": [8, 7, 9]},
			"faces": {
				"north": {"uv": [8.5, 1.25, 8.25, 1.75], "texture": "#0"},
				"east": {"uv": [8.75, 1.25, 8.5, 1.75], "texture": "#0"},
				"south": {"uv": [9, 1.25, 8.75, 1.75], "texture": "#0"},
				"west": {"uv": [8.25, 1.25, 8, 1.75], "texture": "#0"},
				"up": {"uv": [8.25, 1.25, 8.5, 1], "texture": "#0"},
				"down": {"uv": [8.5, 1, 8.75, 1.25], "texture": "#0"}
			}
		},
		{
			"from": [1, 14, 17],
			"to": [4, 16, 18],
			"rotation": {"angle": -22.5, "axis": "x", "origin": [8, 7, 9]},
			"faces": {
				"north": {"uv": [9, 2, 8.25, 2.5], "texture": "#0"},
				"east": {"uv": [9.25, 2, 9, 2.5], "texture": "#0"},
				"south": {"uv": [10, 2, 9.25, 2.5], "texture": "#0"},
				"west": {"uv": [8.25, 2, 8, 2.5], "texture": "#0"},
				"up": {"uv": [8.25, 2, 9, 1.75], "texture": "#0"},
				"down": {"uv": [9, 1.75, 9.75, 2], "texture": "#0"}
			}
		},
		{
			"from": [0, 14, 16],
			"to": [3, 16, 17],
			"rotation": {"angle": -22.5, "axis": "x", "origin": [8, 7, 9]},
			"faces": {
				"north": {"uv": [9, 2, 8.25, 2.5], "texture": "#0"},
				"east": {"uv": [9.25, 2, 9, 2.5], "texture": "#0"},
				"south": {"uv": [10, 2, 9.25, 2.5], "texture": "#0"},
				"west": {"uv": [8.25, 2, 8, 2.5], "texture": "#0"},
				"up": {"uv": [8.25, 2, 9, 1.75], "texture": "#0"},
				"down": {"uv": [9, 1.75, 9.75, 2], "texture": "#0"}
			}
		},
		{
			"from": [0, 14, 15],
			"to": [1, 16, 16],
			"rotation": {"angle": -22.5, "axis": "x", "origin": [8, 7, 9]},
			"faces": {
				"north": {"uv": [8.5, 1.25, 8.25, 1.75], "texture": "#0"},
				"east": {"uv": [8.75, 1.25, 8.5, 1.75], "texture": "#0"},
				"south": {"uv": [9, 1.25, 8.75, 1.75], "texture": "#0"},
				"west": {"uv": [8.25, 1.25, 8, 1.75], "texture": "#0"},
				"up": {"uv": [8.25, 1.25, 8.5, 1], "texture": "#0"},
				"down": {"uv": [8.5, 1, 8.75, 1.25], "texture": "#0"}
			}
		},
		{
			"from": [3, 14, 3],
			"to": [13, 16, 4],
			"rotation": {"angle": -22.5, "axis": "x", "origin": [8, 7, 9]},
			"faces": {
				"north": {"uv": [0, 4.5, 2.5, 5], "texture": "#0"},
				"east": {"uv": [0, 4.5, 0.25, 5], "texture": "#0"},
				"west": {"uv": [2.25, 4.5, 2.5, 5], "texture": "#0"},
				"up": {"uv": [0.75, 3.25, 3.25, 3.5], "texture": "#0"},
				"down": {"uv": [4.75, 3.25, 7.25, 3.5], "texture": "#0"}
			}
		},
		{
			"from": [3, 14, 16],
			"to": [13, 16, 17],
			"rotation": {"angle": -22.5, "axis": "x", "origin": [8, 7, 9]},
			"faces": {
				"east": {"uv": [0, 4.5, 0.25, 5], "texture": "#0"},
				"south": {"uv": [0, 4.5, 2.5, 5], "texture": "#0"},
				"west": {"uv": [2.25, 4.5, 2.5, 5], "texture": "#0"},
				"up": {"uv": [0.75, 0, 3.25, 0.25], "texture": "#0"},
				"down": {"uv": [4.75, 0, 7.25, 0.25], "texture": "#0"}
			}
		},
		{
			"from": [4.025, 0, 3],
			"to": [11.975, 13, 9],
			"rotation": {"angle": 0, "axis": "y", "origin": [9, 0, 3]},
			"faces": {
				"north": {"uv": [5.5, 5, 7.5, 8.25], "texture": "#0"},
				"east": {"uv": [4, 5, 5.5, 8.25], "texture": "#0"},
				"south": {"uv": [9, 5, 11, 8.25], "texture": "#0"},
				"west": {"uv": [7.5, 5, 9, 8.25], "texture": "#0"},
				"up": {"uv": [7.5, 5, 5.5, 3.5], "texture": "#0"},
				"down": {"uv": [9.5, 3.5, 7.5, 5], "texture": "#0"}
			}
		},
		{
			"from": [12, 0, 1],
			"to": [15, 18, 4],
			"rotation": {"angle": 22.5, "axis": "x", "origin": [1, 0, 1]},
			"faces": {
				"north": {"uv": [0.75, 10, 1.5, 14.5], "texture": "#0"},
				"east": {"uv": [0, 10, 0.75, 14.5], "texture": "#0"},
				"south": {"uv": [2.25, 10, 3, 14.5], "texture": "#0"},
				"west": {"uv": [1.5, 10, 2.25, 14.5], "texture": "#0"},
				"down": {"uv": [0.75, 9.25, 1.5, 10], "texture": "#0"}
			}
		},
		{
			"from": [1, 0, 1],
			"to": [4, 18, 4],
			"rotation": {"angle": 22.5, "axis": "x", "origin": [15, 0, 1]},
			"faces": {
				"north": {"uv": [1.5, 10, 0.75, 14.5], "texture": "#0"},
				"east": {"uv": [2.25, 10, 1.5, 14.5], "texture": "#0"},
				"south": {"uv": [3, 10, 2.25, 14.5], "texture": "#0"},
				"west": {"uv": [0.75, 10, 0, 14.5], "texture": "#0"},
				"down": {"uv": [1.5, 9.25, 0.75, 10], "texture": "#0"}
			}
		},
		{
			"from": [4, 0, -2],
			"to": [7, 16, 1],
			"rotation": {"angle": 22.5, "axis": "x", "origin": [18, 0, -2]},
			"faces": {
				"north": {"uv": [1.5, 10.5, 0.75, 14.5], "texture": "#0"},
				"east": {"uv": [2.25, 10.5, 1.5, 14.5], "texture": "#0"},
				"south": {"uv": [3, 10.5, 2.25, 14.5], "texture": "#0"},
				"west": {"uv": [0.75, 10.5, 0, 14.5], "texture": "#0"},
				"down": {"uv": [1.5, 9.25, 0.75, 10], "texture": "#0"}
			}
		},
		{
			"from": [9, 0, -2],
			"to": [12, 16, 1],
			"rotation": {"angle": 22.5, "axis": "x", "origin": [-2, 0, -2]},
			"faces": {
				"north": {"uv": [0.75, 10.5, 1.5, 14.5], "texture": "#0"},
				"east": {"uv": [0, 10.5, 0.75, 14.5], "texture": "#0"},
				"south": {"uv": [2.25, 10.5, 3, 14.5], "texture": "#0"},
				"west": {"uv": [1.5, 10.5, 2.25, 14.5], "texture": "#0"},
				"down": {"uv": [0.75, 9.25, 1.5, 10], "texture": "#0"}
			}
		}
	],
	"groups": [
		0,
		1,
		2,
		3,
		4,
		5,
		6,
		7,
		8,
		9,
		{
			"name": "group",
			"origin": [8, 7, 8],
			"color": 0,
			"children": [10, 11, 12, 13, 14, 15, 16, 17, 18, 19]
		},
		20,
		21,
		22,
		23,
		24,
		25,
		26
	]
}