{
	"parent": "minecraft:item/generated",
	"textures": {
		"layer0": "minecraft:item/chorus_fruit"
	},
	"overrides": [
		{
			"predicate": {
				"custom_model_data": 90000
			},
			"model": "stellarity:item/food/golden_chorus_fruit"
		},
		{
			"predicate": {
				"custom_model_data": 90001
			},
			"model": "stellarity:item/food/perm_buffs/energizing_chorus"
		},
		{
			"predicate": {
				"custom_model_data": 90002
			},
			"model": "stellarity:item/food/shulker_body"
		},
		{
			"predicate": {
				"custom_model_data": 90003
			},
			"model": "stellarity:item/food/candied_chorus_fruit"
		},
		{
			"predicate": {
				"custom_model_data": 90004
			},
			"model": "stellarity:item/food/fried_chorus_fruit"
		}
	]
}
