{
	"parent": "minecraft:item/handheld",
	"textures": {
		"layer0": "minecraft:item/diamond_sword"
	},
	"overrides": [
		{
			"predicate": {
				"custom_model_data": 90031
			},
			"model": "stellarity:item/frigid_harvester/tier_0"
		},
		{
			"predicate": {
				"custom_model_data": 90032
			},
			"model": "stellarity:item/frigid_harvester/tier_1"
		},
		{
			"predicate": {
				"custom_model_data": 90033
			},
			"model": "stellarity:item/frigid_harvester/tier_2"
		},
		{
			"predicate": {
				"custom_model_data": 90034
			},
			"model": "stellarity:item/frigid_harvester/tier_3"
		},
		{
			"predicate": {
				"custom_model_data": 90035
			},
			"model": "stellarity:item/frigid_harvester/tier_4"
		}
	]
}
