{
	"parent": "minecraft:item/generated",
	"textures": {
		"layer0": "minecraft:item/leather_chestplate",
		"layer1": "minecraft:item/leather_chestplate_overlay"
	},
	"overrides": [
		{
			"predicate": {
				"custom_model_data": 90000
			},
			"model": "stellarity:item/chorus_champion_chestplate"
		},
		{
			"predicate": {
				"custom_model_data": 90001
			},
			"model": "stellarity:item/hallowed_chestplate"
		},
		{
			"predicate": {
				"custom_model_data": 90002
			},
			"model": "stellarity:item/shulker_chestplate"
		},
		{
			"predicate": {
				"custom_model_data": 90003
			},
			"model": "stellarity:item/floral_chestplate"
		}
	]
}
