{
	"parent": "minecraft:item/generated",
	"textures": {
		"layer0": "minecraft:item/leather_leggings",
		"layer1": "minecraft:item/leather_leggings_overlay"
	},
	"overrides": [
		{
			"predicate": {
				"custom_model_data": 90000
			},
			"model": "stellarity:item/chorus_champion_leggings"
		},
		{
			"predicate": {
				"custom_model_data": 90001
			},
			"model": "stellarity:item/hallowed_leggings"
		},
		{
			"predicate": {
				"custom_model_data": 90002
			},
			"model": "stellarity:item/shulker_leggings"
		},
		{
			"predicate": {
				"custom_model_data": 90003
			},
			"model": "stellarity:item/floral_leggings"
		}
	]
}
