{
	"parent": "minecraft:item/generated",
	"textures": {
		"layer0": "minecraft:item/leather_boots",
		"layer1": "minecraft:item/leather_boots_overlay"
	},
	"overrides": [
		{
			"predicate": {
				"custom_model_data": 90000
			},
			"model": "stellarity:item/chorus_champion_boots"
		},
		{
			"predicate": {
				"custom_model_data": 90001
			},
			"model": "stellarity:item/hallowed_boots"
		},
		{
			"predicate": {
				"custom_model_data": 90002
			},
			"model": "stellarity:item/shulker_boots"
		},
		{
			"predicate": {
				"custom_model_data": 90003
			},
			"model": "stellarity:item/floral_boots"
		}
	]
}
