{
	"parent": "minecraft:item/generated",
	"textures": {
		"layer0": "minecraft:item/leather_helmet",
		"layer1": "minecraft:item/leather_helmet_overlay"
	},
	"overrides": [
		{
			"predicate": {
				"custom_model_data": 90000
			},
			"model": "stellarity:item/chorus_champion_helmet"
		},
		{
			"predicate": {
				"custom_model_data": 90001
			},
			"model": "stellarity:item/hallowed_helmet"
		},
		{
			"predicate": {
				"custom_model_data": 90002
			},
			"model": "stellarity:item/shulker_helmet"
		},
		{
			"predicate": {
				"custom_model_data": 90003
			},
			"model": "stellarity:item/floral_helmet"
		}
	]
}
