{"credit":"Made with Blockbench","parent":"minecraft:item/generated","textures":{"layer0":"stellarity:item/soaring_insignia"},"gui_light":"front","display":{"thirdperson_righthand":{"translation":[-0.25,-1.25,1],"scale":[0.55,0.55,0.55]},"thirdperson_lefthand":{"translation":[0.25,-1.25,1],"scale":[0.55,0.55,0.55]},"firstperson_righthand":{"rotation":[0,-90,25],"translation":[2.38,-0.55,1.13],"scale":[0.68,0.68,0.68]},"firstperson_lefthand":{"rotation":[0,-90,25],"translation":[2.38,-0.55,1.13],"scale":[0.68,0.68,0.68]},"ground":{"translation":[0,2,0],"scale":[0.5,0.5,0.5]},"gui":{"translation":[-0.5,0,0]},"head":{"rotation":[-7,180,0],"translation":[0.5,4.75,-5.25]},"fixed":{"rotation":[0,180,0],"translation":[0.5,0,0]}}}