{"credit":"Made with Blockbench","parent":"minecraft:item/handheld","textures":{"layer0":"stellarity:item/the_end"},"gui_light":"front","display":{"thirdperson_righthand":{"rotation":[0,-90,55],"translation":[0,2.25,0.5],"scale":[0.65,0.65,0.65]},"thirdperson_lefthand":{"rotation":[0,-90,135],"translation":[0,-6.25,0.5],"scale":[0.65,0.65,0.65]},"firstperson_righthand":{"rotation":[0,-90,25],"translation":[1.13,3.2,1.13],"scale":[0.68,0.68,0.68]},"firstperson_lefthand":{"rotation":[-90,23.25,-145],"translation":[4.13,0.45,2.13],"scale":[0.68,0.68,0.68]},"ground":{"translation":[0,2,0],"scale":[0.5,0.5,0.5]},"head":{"rotation":[0,13.25,-77],"translation":[-7,5,-1]},"fixed":{"rotation":[0,180,0]}}}