{
	"credit": "Made with Blockbench",
	"textures": {
		"1": "stellarity:block/aots_side",
		"2": "stellarity:block/aots_3d",
		"4": "stellarity:block/aots_3d_base",
		"particle": "stellarity:block/aots_bottom"
	},
	"elements": [
		{
			"name": "main",
			"from": [0, 0, 0],
			"to": [16, 16, 16],
			"faces": {
				"north": {"uv": [0, 0, 16, 16], "texture": "#1", "cullface": "north"},
				"east": {"uv": [0, 0, 16, 16], "texture": "#1", "cullface": "east"},
				"south": {"uv": [0, 0, 16, 16], "texture": "#1", "cullface": "south"},
				"west": {"uv": [0, 0, 16, 16], "texture": "#1", "cullface": "west"}
			}
		},
		{
			"from": [13, 12, 13],
			"to": [17, 13, 17],
			"faces": {
				"north": {"uv": [3, 0, 5, 0.5], "rotation": 180, "texture": "#2", "cullface": "east"},
				"east": {"uv": [0, 2, 2, 2.5], "texture": "#2", "cullface": "east"},
				"south": {"uv": [2, 2.5, 0, 2], "texture": "#2", "cullface": "south"},
				"west": {"uv": [3, 0, 5, 0.5], "texture": "#2", "cullface": "south"},
				"down": {"uv": [3, 0, 5, 2], "rotation": 90, "texture": "#2"}
			}
		},
		{
			"from": [12, 13, 13],
			"to": [17, 17, 17],
			"faces": {
				"north": {"uv": [3, 0, 5, 0.5], "rotation": 270, "texture": "#2", "cullface": "up"},
				"east": {"uv": [0, 0, 2, 2], "texture": "#2", "cullface": "east"},
				"south": {"uv": [0, 0, 2, 2.5], "rotation": 90, "texture": "#2", "cullface": "south"},
				"west": {"uv": [3, 0, 5, 2], "rotation": 90, "texture": "#2"},
				"up": {"uv": [0, 0, 2.5, 2], "rotation": 180, "texture": "#2", "cullface": "up"},
				"down": {"uv": [0, 0, 2.5, 2], "rotation": 180, "texture": "#2", "cullface": "south"}
			}
		},
		{
			"from": [13, 13, 12],
			"to": [17, 17, 13],
			"faces": {
				"north": {"uv": [3, 0, 5, 2], "texture": "#2"},
				"east": {"uv": [2, 0, 2.5, 2], "texture": "#2", "cullface": "east"},
				"west": {"uv": [3, 0, 3.5, 2], "rotation": 180, "texture": "#2", "cullface": "up"},
				"up": {"uv": [0, 2, 2, 2.5], "rotation": 180, "texture": "#2", "cullface": "up"},
				"down": {"uv": [3, 0, 3.5, 2], "rotation": 270, "texture": "#2", "cullface": "east"}
			}
		},
		{
			"from": [-1, 12, 13],
			"to": [3, 13, 17],
			"rotation": {"angle": 0, "axis": "y", "origin": [8, 16, 8]},
			"faces": {
				"north": {"uv": [3, 0, 5, 0.5], "texture": "#2", "cullface": "west"},
				"east": {"uv": [3, 0, 5, 0.5], "rotation": 180, "texture": "#2", "cullface": "south"},
				"south": {"uv": [0, 2, 2, 2.5], "texture": "#2", "cullface": "south"},
				"west": {"uv": [2, 2.5, 0, 2], "texture": "#2", "cullface": "west"},
				"down": {"uv": [3, 0, 5, 2], "texture": "#2"}
			}
		},
		{
			"from": [-1, 13, 12],
			"to": [3, 17, 17],
			"rotation": {"angle": 0, "axis": "y", "origin": [8, 16, 8]},
			"faces": {
				"north": {"uv": [3, 0, 5, 2], "rotation": 90, "texture": "#2"},
				"east": {"uv": [3, 0, 5, 0.5], "rotation": 270, "texture": "#2", "cullface": "up"},
				"south": {"uv": [0, 0, 2, 2], "texture": "#2", "cullface": "south"},
				"west": {"uv": [0, 0, 2, 2.5], "rotation": 90, "texture": "#2", "cullface": "west"},
				"up": {"uv": [0, 0, 2.5, 2], "rotation": 270, "texture": "#2", "cullface": "up"},
				"down": {"uv": [0, 0, 2.5, 2], "rotation": 90, "texture": "#2", "cullface": "west"}
			}
		},
		{
			"from": [3, 13, 13],
			"to": [4, 17, 17],
			"rotation": {"angle": 0, "axis": "y", "origin": [8, 16, 8]},
			"faces": {
				"north": {"uv": [3, 0, 3.5, 2], "rotation": 180, "texture": "#2", "cullface": "up"},
				"east": {"uv": [3, 0, 5, 2], "texture": "#2"},
				"south": {"uv": [2, 0, 2.5, 2], "texture": "#2", "cullface": "south"},
				"up": {"uv": [0, 2, 2, 2.5], "rotation": 270, "texture": "#2", "cullface": "up"},
				"down": {"uv": [3, 0, 3.5, 2], "rotation": 180, "texture": "#2", "cullface": "south"}
			}
		},
		{
			"from": [-1, 12, -1],
			"to": [3, 13, 3],
			"rotation": {"angle": 0, "axis": "y", "origin": [8, 16, 8]},
			"faces": {
				"north": {"uv": [2, 2.5, 0, 2], "texture": "#2", "cullface": "north"},
				"east": {"uv": [3, 0, 5, 0.5], "texture": "#2", "cullface": "north"},
				"south": {"uv": [3, 0, 5, 0.5], "rotation": 180, "texture": "#2", "cullface": "west"},
				"west": {"uv": [0, 2, 2, 2.5], "texture": "#2", "cullface": "west"},
				"down": {"uv": [3, 0, 5, 2], "rotation": 270, "texture": "#2"}
			}
		},
		{
			"from": [-1, 13, -1],
			"to": [4, 17, 3],
			"rotation": {"angle": 0, "axis": "y", "origin": [8, 16, 8]},
			"faces": {
				"north": {"uv": [0, 0, 2, 2.5], "rotation": 90, "texture": "#2", "cullface": "north"},
				"east": {"uv": [3, 0, 5, 2], "rotation": 90, "texture": "#2"},
				"south": {"uv": [3, 0, 5, 0.5], "rotation": 270, "texture": "#2", "cullface": "up"},
				"west": {"uv": [0, 0, 2, 2], "texture": "#2", "cullface": "west"},
				"up": {"uv": [0, 0, 2.5, 2], "texture": "#2", "cullface": "up"},
				"down": {"uv": [0, 0, 2.5, 2], "texture": "#2", "cullface": "north"}
			}
		},
		{
			"from": [-1, 13, 3],
			"to": [3, 17, 4],
			"rotation": {"angle": 0, "axis": "y", "origin": [8, 16, 8]},
			"faces": {
				"east": {"uv": [3, 0, 3.5, 2], "rotation": 180, "texture": "#2", "cullface": "up"},
				"south": {"uv": [3, 0, 5, 2], "texture": "#2"},
				"west": {"uv": [2, 0, 2.5, 2], "texture": "#2", "cullface": "west"},
				"up": {"uv": [0, 2, 2, 2.5], "texture": "#2", "cullface": "up"},
				"down": {"uv": [3, 0, 3.5, 2], "rotation": 90, "texture": "#2", "cullface": "west"}
			}
		},
		{
			"from": [13, 12, -1],
			"to": [17, 13, 3],
			"rotation": {"angle": 0, "axis": "y", "origin": [8, 16, 8]},
			"faces": {
				"north": {"uv": [0, 2, 2, 2.5], "texture": "#2", "cullface": "north"},
				"east": {"uv": [2, 2.5, 0, 2], "texture": "#2", "cullface": "east"},
				"south": {"uv": [3, 0, 5, 0.5], "texture": "#2", "cullface": "east"},
				"west": {"uv": [3, 0, 5, 0.5], "rotation": 180, "texture": "#2", "cullface": "north"},
				"down": {"uv": [3, 0, 5, 2], "rotation": 180, "texture": "#2"}
			}
		},
		{
			"from": [13, 13, -1],
			"to": [17, 17, 4],
			"rotation": {"angle": 0, "axis": "y", "origin": [8, 16, 8]},
			"faces": {
				"north": {"uv": [0, 0, 2, 2], "texture": "#2", "cullface": "north"},
				"east": {"uv": [0, 0, 2, 2.5], "rotation": 90, "texture": "#2", "cullface": "east"},
				"south": {"uv": [3, 0, 5, 2], "rotation": 90, "texture": "#2"},
				"west": {"uv": [3, 0, 5, 0.5], "rotation": 270, "texture": "#2", "cullface": "up"},
				"up": {"uv": [0, 0, 2.5, 2], "rotation": 90, "texture": "#2", "cullface": "up"},
				"down": {"uv": [0, 0, 2.5, 2], "rotation": 270, "texture": "#2", "cullface": "east"}
			}
		},
		{
			"from": [12, 13, -1],
			"to": [13, 17, 3],
			"rotation": {"angle": 0, "axis": "y", "origin": [8, 16, 8]},
			"faces": {
				"north": {"uv": [2, 0, 2.5, 2], "texture": "#2", "cullface": "north"},
				"south": {"uv": [3, 0, 3.5, 2], "rotation": 180, "texture": "#2", "cullface": "up"},
				"west": {"uv": [3, 0, 5, 2], "texture": "#2"},
				"up": {"uv": [0, 2, 2, 2.5], "rotation": 90, "texture": "#2", "cullface": "up"},
				"down": {"uv": [3, 0, 3.5, 2], "texture": "#2", "cullface": "north"}
			}
		},
		{
			"from": [-0.5, 12.5, -0.5],
			"to": [16.5, 16.5, 16.5],
			"faces": {
				"north": {"uv": [7, 0, 15.5, 1.5], "rotation": 180, "texture": "#2", "cullface": "north"},
				"east": {"uv": [7, 0, 15.5, 1.5], "rotation": 180, "texture": "#2", "cullface": "east"},
				"south": {"uv": [7, 0, 15.5, 1.5], "rotation": 180, "texture": "#2", "cullface": "south"},
				"west": {"uv": [7, 0, 15.5, 1.5], "rotation": 180, "texture": "#2", "cullface": "west"},
				"up": {"uv": [0, 3.5, 8.5, 12], "texture": "#2", "cullface": "up"},
				"down": {"uv": [0, 3.5, 8.5, 12], "rotation": 180, "texture": "#2"}
			}
		},
		{
			"from": [6.5, 9.5, 15.5],
			"to": [9.5, 10.5, 16.5],
			"rotation": {"angle": 0, "axis": "y", "origin": [8, 16, 8]},
			"faces": {
				"east": {"uv": [10.5, 2.5, 11, 3], "texture": "#2", "cullface": "south"},
				"south": {"uv": [10.5, 2.5, 12, 3], "texture": "#2", "cullface": "south"},
				"west": {"uv": [11.5, 2.5, 12, 3], "texture": "#2", "cullface": "south"},
				"down": {"uv": [10.5, 2.5, 12, 3], "texture": "#2", "cullface": "south"}
			}
		},
		{
			"from": [4.5, 11.5, 15.5],
			"to": [11.5, 12.5, 16.5],
			"rotation": {"angle": 0, "axis": "y", "origin": [8, 16, 8]},
			"faces": {
				"east": {"uv": [12.5, 1.5, 13, 2], "texture": "#2", "cullface": "south"},
				"south": {"uv": [9.5, 1.5, 13, 2], "texture": "#2", "cullface": "south"},
				"west": {"uv": [9.5, 1.5, 10, 2], "texture": "#2", "cullface": "south"},
				"down": {"uv": [9.5, 1.5, 13, 2], "texture": "#2", "cullface": "south"}
			}
		},
		{
			"from": [5.5, 10.5, 15.5],
			"to": [10.5, 11.5, 16.5],
			"rotation": {"angle": 0, "axis": "y", "origin": [8, 16, 8]},
			"faces": {
				"east": {"uv": [12, 2, 12.5, 2.5], "texture": "#2", "cullface": "south"},
				"south": {"uv": [10, 2, 12.5, 2.5], "texture": "#2", "cullface": "south"},
				"west": {"uv": [10, 2, 10.5, 2.5], "texture": "#2", "cullface": "south"},
				"down": {"uv": [10, 2, 12.5, 2.5], "texture": "#2", "cullface": "south"}
			}
		},
		{
			"from": [-0.5, 9.5, 6.5],
			"to": [0.5, 10.5, 9.5],
			"rotation": {"angle": 0, "axis": "y", "origin": [8, 16, 8]},
			"faces": {
				"north": {"uv": [11.5, 2.5, 12, 3], "texture": "#2", "cullface": "west"},
				"south": {"uv": [10.5, 2.5, 11, 3], "texture": "#2", "cullface": "west"},
				"west": {"uv": [10.5, 2.5, 12, 3], "texture": "#2", "cullface": "west"},
				"down": {"uv": [10.5, 2.5, 12, 3], "rotation": 270, "texture": "#2", "cullface": "west"}
			}
		},
		{
			"from": [-0.5, 11.5, 4.5],
			"to": [0.5, 12.5, 11.5],
			"rotation": {"angle": 0, "axis": "y", "origin": [8, 16, 8]},
			"faces": {
				"north": {"uv": [9.5, 1.5, 10, 2], "texture": "#2", "cullface": "west"},
				"south": {"uv": [12.5, 1.5, 13, 2], "texture": "#2", "cullface": "west"},
				"west": {"uv": [9.5, 1.5, 13, 2], "texture": "#2", "cullface": "west"},
				"down": {"uv": [9.5, 1.5, 13, 2], "rotation": 270, "texture": "#2", "cullface": "west"}
			}
		},
		{
			"from": [-0.5, 10.5, 5.5],
			"to": [0.5, 11.5, 10.5],
			"rotation": {"angle": 0, "axis": "y", "origin": [8, 16, 8]},
			"faces": {
				"north": {"uv": [10, 2, 10.5, 2.5], "texture": "#2", "cullface": "west"},
				"south": {"uv": [12, 2, 12.5, 2.5], "texture": "#2", "cullface": "west"},
				"west": {"uv": [10, 2, 12.5, 2.5], "texture": "#2", "cullface": "west"},
				"down": {"uv": [10, 2, 12.5, 2.5], "rotation": 270, "texture": "#2", "cullface": "west"}
			}
		},
		{
			"from": [6.5, 9.5, -0.5],
			"to": [9.5, 10.5, 0.5],
			"rotation": {"angle": 0, "axis": "y", "origin": [8, 16, 8]},
			"faces": {
				"north": {"uv": [10.5, 2.5, 12, 3], "texture": "#2", "cullface": "north"},
				"east": {"uv": [11.5, 2.5, 12, 3], "texture": "#2", "cullface": "north"},
				"west": {"uv": [10.5, 2.5, 11, 3], "texture": "#2", "cullface": "north"},
				"down": {"uv": [10.5, 2.5, 12, 3], "rotation": 180, "texture": "#2", "cullface": "north"}
			}
		},
		{
			"from": [4.5, 11.5, -0.5],
			"to": [11.5, 12.5, 0.5],
			"rotation": {"angle": 0, "axis": "y", "origin": [8, 16, 8]},
			"faces": {
				"north": {"uv": [9.5, 1.5, 13, 2], "texture": "#2", "cullface": "north"},
				"east": {"uv": [9.5, 1.5, 10, 2], "texture": "#2", "cullface": "north"},
				"west": {"uv": [12.5, 1.5, 13, 2], "texture": "#2", "cullface": "north"},
				"down": {"uv": [9.5, 1.5, 13, 2], "rotation": 180, "texture": "#2", "cullface": "north"}
			}
		},
		{
			"from": [5.5, 10.5, -0.5],
			"to": [10.5, 11.5, 0.5],
			"rotation": {"angle": 0, "axis": "y", "origin": [8, 16, 8]},
			"faces": {
				"north": {"uv": [10, 2, 12.5, 2.5], "texture": "#2", "cullface": "north"},
				"east": {"uv": [10, 2, 10.5, 2.5], "texture": "#2", "cullface": "north"},
				"west": {"uv": [12, 2, 12.5, 2.5], "texture": "#2", "cullface": "north"},
				"down": {"uv": [10, 2, 12.5, 2.5], "rotation": 180, "texture": "#2", "cullface": "north"}
			}
		},
		{
			"from": [15.5, 9.5, 6.5],
			"to": [16.5, 10.5, 9.5],
			"rotation": {"angle": 0, "axis": "y", "origin": [8, 16, 8]},
			"faces": {
				"north": {"uv": [10.5, 2.5, 11, 3], "texture": "#2", "cullface": "east"},
				"east": {"uv": [10.5, 2.5, 12, 3], "texture": "#2", "cullface": "east"},
				"south": {"uv": [11.5, 2.5, 12, 3], "texture": "#2", "cullface": "east"},
				"down": {"uv": [10.5, 2.5, 12, 3], "rotation": 90, "texture": "#2", "cullface": "east"}
			}
		},
		{
			"from": [15.5, 11.5, 4.5],
			"to": [16.5, 12.5, 11.5],
			"rotation": {"angle": 0, "axis": "y", "origin": [8, 16, 8]},
			"faces": {
				"north": {"uv": [12.5, 1.5, 13, 2], "texture": "#2", "cullface": "east"},
				"east": {"uv": [9.5, 1.5, 13, 2], "texture": "#2", "cullface": "east"},
				"south": {"uv": [9.5, 1.5, 10, 2], "texture": "#2", "cullface": "east"},
				"down": {"uv": [9.5, 1.5, 13, 2], "rotation": 90, "texture": "#2", "cullface": "east"}
			}
		},
		{
			"from": [15.5, 10.5, 5.5],
			"to": [16.5, 11.5, 10.5],
			"rotation": {"angle": 0, "axis": "y", "origin": [8, 16, 8]},
			"faces": {
				"north": {"uv": [12, 2, 12.5, 2.5], "texture": "#2", "cullface": "east"},
				"east": {"uv": [10, 2, 12.5, 2.5], "texture": "#2", "cullface": "east"},
				"south": {"uv": [10, 2, 10.5, 2.5], "texture": "#2", "cullface": "east"},
				"down": {"uv": [10, 2, 12.5, 2.5], "rotation": 90, "texture": "#2", "cullface": "east"}
			}
		},
		{
			"name": "large",
			"from": [-0.5, -0.01, -0.5],
			"to": [16.5, 1.99, 16.5],
			"faces": {
				"north": {"uv": [0, 10.5, 8.5, 11.5], "texture": "#4", "cullface": "north"},
				"east": {"uv": [0, 10.5, 8.5, 11.5], "texture": "#4", "cullface": "east"},
				"south": {"uv": [0, 10.5, 8.5, 11.5], "texture": "#4", "cullface": "south"},
				"west": {"uv": [0, 10.5, 8.5, 11.5], "texture": "#4", "cullface": "west"},
				"up": {"uv": [0, 0, 8.5, 8.5], "texture": "#4"},
				"down": {"uv": [0, 0, 8.5, 8.5], "texture": "#4", "cullface": "down"}
			}
		},
		{
			"name": "1",
			"from": [-0.25, -0.01, 15.25],
			"to": [0.75, 11.99, 16.25],
			"rotation": {"angle": 0, "axis": "y", "origin": [8, 0, 8]},
			"faces": {
				"north": {"uv": [0, 10.5, 8.5, 11.5], "texture": "#4", "cullface": "west"},
				"east": {"uv": [0, 10.5, 8.5, 11.5], "texture": "#4", "cullface": "south"},
				"south": {"uv": [10, 1, 10.5, 7], "texture": "#4", "cullface": "south"},
				"west": {"uv": [10, 1, 10.5, 7], "texture": "#4", "cullface": "west"},
				"up": {"uv": [10, 1, 10.5, 1.5], "texture": "#4"}
			}
		},
		{
			"name": "2",
			"from": [15.25, -0.01, 15.25],
			"to": [16.25, 11.99, 16.25],
			"rotation": {"angle": 0, "axis": "y", "origin": [8, 0, 8]},
			"faces": {
				"north": {"uv": [0, 10.5, 8.5, 11.5], "texture": "#4", "cullface": "east"},
				"east": {"uv": [10, 1, 10.5, 7], "texture": "#4", "cullface": "east"},
				"south": {"uv": [10, 1, 10.5, 7], "texture": "#4", "cullface": "south"},
				"west": {"uv": [0, 10.5, 8.5, 11.5], "texture": "#4", "cullface": "south"},
				"up": {"uv": [10, 1, 10.5, 1.5], "rotation": 270, "texture": "#4"}
			}
		},
		{
			"name": "3",
			"from": [15.25, -0.01, -0.25],
			"to": [16.25, 11.99, 0.75],
			"rotation": {"angle": 0, "axis": "y", "origin": [8, 0, 8]},
			"faces": {
				"north": {"uv": [10, 1, 10.5, 7], "texture": "#4", "cullface": "north"},
				"east": {"uv": [10, 1, 10.5, 7], "texture": "#4", "cullface": "east"},
				"south": {"uv": [0, 10.5, 8.5, 11.5], "texture": "#4", "cullface": "east"},
				"west": {"uv": [0, 10.5, 8.5, 11.5], "texture": "#4", "cullface": "north"},
				"up": {"uv": [10, 1, 10.5, 1.5], "rotation": 180, "texture": "#4"}
			}
		},
		{
			"name": "4",
			"from": [-0.25, -0.01, -0.25],
			"to": [0.75, 11.99, 0.75],
			"rotation": {"angle": 0, "axis": "y", "origin": [8, 0, 8]},
			"faces": {
				"north": {"uv": [10, 1, 10.5, 7], "texture": "#4", "cullface": "north"},
				"east": {"uv": [0, 10.5, 8.5, 11.5], "texture": "#4", "cullface": "north"},
				"south": {"uv": [0, 10.5, 8.5, 11.5], "texture": "#4", "cullface": "west"},
				"west": {"uv": [10, 1, 10.5, 7], "texture": "#4", "cullface": "west"},
				"up": {"uv": [10, 1, 10.5, 1.5], "rotation": 90, "texture": "#4"}
			}
		}
	],
	"display": {
		"thirdperson_righthand": {
			"rotation": [75, 45, 0],
			"translation": [0, 2.5, 0],
			"scale": [0.375, 0.375, 0.375]
		},
		"thirdperson_lefthand": {
			"rotation": [75, 45, 0],
			"translation": [0, 2.5, 0],
			"scale": [0.375, 0.375, 0.375]
		},
		"firstperson_righthand": {
			"rotation": [0, 45, 0],
			"scale": [0.4, 0.4, 0.4]
		},
		"firstperson_lefthand": {
			"rotation": [0, 225, 0],
			"scale": [0.4, 0.4, 0.4]
		},
		"ground": {
			"translation": [0, 3, 0],
			"scale": [0.25, 0.25, 0.25]
		},
		"gui": {
			"rotation": [30, 225, 0],
			"scale": [0.625, 0.625, 0.625]
		},
		"fixed": {
			"scale": [0.5, 0.5, 0.5]
		}
	},
	"groups": [
		0,
		{
			"name": "corners",
			"origin": [8, 16, 8],
			"color": 0,
			"children": [
				{
					"name": "1",
					"origin": [0, 0, 0],
					"color": 0,
					"children": [1, 2, 3]
				},
				{
					"name": "2",
					"origin": [0, 0, 0],
					"color": 0,
					"children": [4, 5, 6]
				},
				{
					"name": "3",
					"origin": [0, 0, 0],
					"color": 0,
					"children": [7, 8, 9]
				},
				{
					"name": "4",
					"origin": [0, 0, 0],
					"color": 0,
					"children": [10, 11, 12]
				}
			]
		},
		{
			"name": "cloth",
			"origin": [8, 8, 8],
			"color": 0,
			"children": [
				13,
				{
					"name": "sides",
					"origin": [8, 8, 8],
					"color": 0,
					"children": [
						{
							"name": "1",
							"origin": [8, 16, 8],
							"color": 0,
							"children": [14, 15, 16]
						},
						{
							"name": "2",
							"origin": [8, 16, 8],
							"color": 0,
							"children": [17, 18, 19]
						},
						{
							"name": "3",
							"origin": [8, 16, 8],
							"color": 0,
							"children": [20, 21, 22]
						},
						{
							"name": "4",
							"origin": [8, 16, 8],
							"color": 0,
							"children": [23, 24, 25]
						}
					]
				}
			]
		},
		{
			"name": "base",
			"origin": [8, 8, 8],
			"color": 0,
			"children": [
				26,
				{
					"name": "supports",
					"origin": [0, 0, 0],
					"color": 0,
					"children": [27, 28, 29, 30]
				}
			]
		}
	]
}