{
	"credit": "Made with Blockbench",
	"textures": {
		"1": "stellarity:block/chorus_flower/base",
		"2": "stellarity:block/chorus_flower/base_small",
		"3": "stellarity:block/chorus_flower/petal",
		"4": "stellarity:block/chorus_flower/middle",
		"5": "stellarity:block/chorus_flower/petals_lower",
		"6": "stellarity:block/chorus_flower/leaves",
		"7": "block/chorus_plant",
		"particle": "stellarity:block/chorus_flower/base"
	},
	"elements": [
		{
			"name": "large",
			"from": [1, 11, 1],
			"to": [15, 11, 15],
			"shade": false,
			"rotation": {"angle": 45, "axis": "y", "origin": [8, 12.63688, 8], "rescale": true},
			"faces": {
				"up": {"uv": [0, 0, 16, 16], "texture": "#1"},
				"down": {"uv": [1, 1, 15, 15], "texture": "#1"}
			}
		},
		{
			"name": "1",
			"from": [1, 13.89299, -1.74288],
			"to": [15, 13.89299, 5.25712],
			"shade": false,
			"rotation": {"angle": -45, "axis": "x", "origin": [8, 12.63688, 8], "rescale": true},
			"faces": {
				"up": {"uv": [0, 16, 16, 8], "texture": "#2"},
				"down": {"uv": [0, 16, 16, 8], "rotation": 180, "texture": "#2"}
			}
		},
		{
			"name": "2",
			"from": [6.74388, 2.89399, 1],
			"to": [6.74388, 9.89399, 15],
			"shade": false,
			"rotation": {"angle": -45, "axis": "z", "origin": [8, 12.63688, 8], "rescale": true},
			"faces": {
				"east": {"uv": [0, 16, 16, 8], "rotation": 180, "texture": "#2"},
				"west": {"uv": [0, 8, 16, 16], "texture": "#2"}
			}
		},
		{
			"name": "3",
			"from": [1, 13.89299, 10.74288],
			"to": [15, 13.89299, 17.74288],
			"shade": false,
			"rotation": {"angle": 45, "axis": "x", "origin": [8, 12.63688, 8], "rescale": true},
			"faces": {
				"up": {"uv": [0, 8, 16, 16], "texture": "#2"},
				"down": {"uv": [0, 8, 16, 16], "rotation": 180, "texture": "#2"}
			}
		},
		{
			"name": "4",
			"from": [9.25612, 2.89399, 1],
			"to": [9.25612, 9.89399, 15],
			"shade": false,
			"rotation": {"angle": 45, "axis": "z", "origin": [8, 12.63688, 8], "rescale": true},
			"faces": {
				"east": {"uv": [0, 8, 16, 16], "texture": "#2"},
				"west": {"uv": [1, 8, 15, 15], "texture": "#2"}
			}
		},
		{
			"name": "large_leaves",
			"from": [2.9, -5, 2.9],
			"to": [13.1, 11, 13.1],
			"rotation": {"angle": 0, "axis": "y", "origin": [0, 11, 0]},
			"faces": {
				"north": {"uv": [3, 0, 13, 16], "texture": "#6"},
				"east": {"uv": [3, 0, 13, 16], "texture": "#6"},
				"south": {"uv": [3, 0, 13, 16], "texture": "#6"},
				"west": {"uv": [3, 0, 13, 16], "texture": "#6"}
			}
		},
		{
			"name": "1",
			"from": [0, 10.9894, -6.84255],
			"to": [16, 10.9894, 9.15745],
			"shade": false,
			"rotation": {"angle": 22.5, "axis": "x", "origin": [8, 11.63688, 8], "rescale": true},
			"faces": {
				"up": {"uv": [16, 0, 0, 16], "texture": "#3"},
				"down": {"uv": [16, 16, 0, 0], "texture": "#3"}
			}
		},
		{
			"name": "2",
			"from": [0, 10.9894, 6.84255],
			"to": [16, 10.9894, 22.84255],
			"shade": false,
			"rotation": {"angle": -22.5, "axis": "x", "origin": [8, 11.63688, 8], "rescale": true},
			"faces": {
				"up": {"uv": [0, 16, 16, 0], "texture": "#3"},
				"down": {"uv": [0, 0, 16, 16], "texture": "#3"}
			}
		},
		{
			"name": "3",
			"from": [-6.84255, 10.9894, 0],
			"to": [9.15745, 10.9894, 16],
			"shade": false,
			"rotation": {"angle": -22.5, "axis": "z", "origin": [8, 11.63688, 8], "rescale": true},
			"faces": {
				"up": {"uv": [0, 16, 16, 0], "rotation": 90, "texture": "#3"},
				"down": {"uv": [0, 0, 16, 16], "rotation": 270, "texture": "#3"}
			}
		},
		{
			"name": "4",
			"from": [7.37359, 10.5246, 0],
			"to": [23.37359, 10.5246, 16],
			"shade": false,
			"rotation": {"angle": 22.5, "axis": "z", "origin": [8, 11.63688, 8], "rescale": true},
			"faces": {
				"up": {"uv": [0, 16, 16, 0], "rotation": 270, "texture": "#3"},
				"down": {"uv": [0, 0, 16, 16], "rotation": 90, "texture": "#3"}
			}
		},
		{
			"name": "large",
			"from": [-8, 11.1, -8],
			"to": [24, 11.1, 24],
			"rotation": {"angle": -45, "axis": "y", "origin": [8, 11, 8]},
			"faces": {
				"up": {"uv": [0, 0, 16, 16], "texture": "#5"},
				"down": {"uv": [0, 0, 16, 16], "texture": "#5"}
			}
		},
		{
			"name": "1",
			"from": [3, 11, 8],
			"to": [13, 21, 8],
			"rotation": {"angle": 45, "axis": "y", "origin": [8, 11, 8]},
			"faces": {
				"north": {"uv": [0, 0, 16, 16], "texture": "#4"},
				"south": {"uv": [0, 0, 16, 16], "texture": "#4"}
			}
		},
		{
			"name": "2",
			"from": [3, 11, 8],
			"to": [13, 21, 8],
			"rotation": {"angle": -45, "axis": "y", "origin": [8, 11, 8]},
			"faces": {
				"north": {"uv": [0, 0, 16, 16], "texture": "#4"},
				"south": {"uv": [0, 0, 16, 16], "texture": "#4"}
			}
		},
		{
			"from": [3, -1, 3],
			"to": [13, 11, 13],
			"faces": {
				"north": {"uv": [2, 2, 14, 14], "texture": "#7"},
				"east": {"uv": [2, 2, 14, 14], "texture": "#7"},
				"south": {"uv": [2, 2, 14, 14], "texture": "#7"},
				"west": {"uv": [2, 2, 14, 14], "texture": "#7"}
			}
		}
	],
	"groups": [
		{
			"name": "leaves",
			"origin": [0, 0, 8],
			"color": 0,
			"shade": false,
			"children": [0, 1, 2, 3, 4, 5]
		},
		{
			"name": "petals",
			"origin": [8, 0, 8],
			"color": 0,
			"children": [
				{
					"name": "top",
					"origin": [8, 8, 8],
					"color": 0,
					"children": [6, 7, 8, 9]
				},
				{
					"name": "bottom",
					"origin": [8, 8, 8],
					"color": 0,
					"children": [10]
				},
				{
					"name": "thingies",
					"origin": [8, 8, 8],
					"color": 0,
					"children": [11, 12]
				}
			]
		},
		{
			"name": "roots",
			"origin": [8, 8, 8],
			"color": 0,
			"children": []
		},
		13
	]
}