{
	"credit": "Made with Blockbench",
	"textures": {
		"leaves": "stellarity:block/chorus_flower/side_leaves_4"
	},
	"elements": [
		{
			"from": [8, 0, -4],
			"to": [8, 16, 20],
			"rotation": {"angle": 45, "axis": "y", "origin": [8, 0, 8]},
			"faces": {
				"east": {"uv": [0, 0, 16, 16], "texture": "#leaves"},
				"west": {"uv": [0, 0, 16, 16], "texture": "#leaves"}
			}
		},
		{
			"from": [-4, 0, 8],
			"to": [20, 16, 8],
			"rotation": {"angle": 45, "axis": "y", "origin": [8, 0, 8]},
			"faces": {
				"north": {"uv": [0, 0, 16, 16], "texture": "#leaves"},
				"south": {"uv": [0, 0, 16, 16], "texture": "#leaves"}
			}
		}
	]
}