{
	"credit": "Made with Blockbench",
	"textures": {
		"0": "stellarity:block/chorus_flower/flower_large",
		"1": "stellarity:block/chorus_flower/leaves",
		"2": "stellarity:block/chorus_flower/middle",
		"3": "stellarity:block/chorus_flower/petal_large",
		"4": "stellarity:block/chorus_flower/petal_large_mid",
		"5": "stellarity:block/chorus_flower/base",
		"6": "stellarity:block/chorus_flower/base_small",
		"7": "stellarity:block/chorus_flower/middle2",
		"8": "block/chorus_plant",
		"particle": "stellarity:block/chorus_flower/flower_large"
	},
	"elements": [
		{
			"from": [2, 10, 2],
			"to": [14, 12, 14],
			"rotation": {"angle": 0, "axis": "y", "origin": [8, 11, 8]},
			"faces": {
				"north": {"uv": [2, 0, 14, 2], "texture": "#0"},
				"east": {"uv": [2, 0, 14, 2], "texture": "#0"},
				"south": {"uv": [2, 0, 14, 2], "texture": "#0"},
				"west": {"uv": [2, 0, 14, 2], "texture": "#0"},
				"up": {"uv": [2, 4, 14, 16], "texture": "#0"},
				"down": {"uv": [2, 4, 14, 16], "texture": "#0"}
			}
		},
		{
			"from": [8, 11, 0],
			"to": [8, 27, 16],
			"rotation": {"angle": 45, "axis": "y", "origin": [8, 11, 8]},
			"faces": {
				"east": {"uv": [0, 0, 16, 16], "texture": "#7"},
				"west": {"uv": [0, 0, 16, 16], "texture": "#7"}
			}
		},
		{
			"from": [0, 11, 8],
			"to": [16, 27, 8],
			"rotation": {"angle": 45, "axis": "y", "origin": [8, 11, 8]},
			"faces": {
				"north": {"uv": [0, 0, 16, 16], "texture": "#7"},
				"south": {"uv": [0, 0, 16, 16], "texture": "#7"}
			}
		},
		{
			"from": [8, 11, 0],
			"to": [8, 27, 16],
			"rotation": {"angle": 0, "axis": "y", "origin": [8, 11, 8]},
			"faces": {
				"east": {"uv": [0, 0, 16, 16], "texture": "#2"},
				"west": {"uv": [0, 0, 16, 16], "texture": "#2"}
			}
		},
		{
			"from": [0, 11, 8],
			"to": [16, 27, 8],
			"rotation": {"angle": 0, "axis": "y", "origin": [8, 11, 8]},
			"faces": {
				"north": {"uv": [0, 0, 16, 16], "texture": "#2"},
				"south": {"uv": [0, 0, 16, 16], "texture": "#2"}
			}
		},
		{
			"from": [0, 9.99, -4],
			"to": [16, 9.99, 12],
			"rotation": {"angle": 0, "axis": "y", "origin": [8, 10, 8]},
			"faces": {
				"up": {"uv": [0, 0, 16, 16], "texture": "#4", "cullface": "north"},
				"down": {"uv": [0, 0, 16, 16], "rotation": 180, "texture": "#4", "cullface": "north"}
			}
		},
		{
			"from": [0, 6.9, -15.3],
			"to": [16, 6.9, 0.7],
			"rotation": {"angle": 22.5, "axis": "x", "origin": [8, 10, 8]},
			"faces": {
				"up": {"uv": [0, 0, 16, 16], "texture": "#3"},
				"down": {"uv": [0, 0, 16, 16], "rotation": 180, "texture": "#3"}
			}
		},
		{
			"from": [-4, 9.99, 0],
			"to": [12, 9.99, 16],
			"rotation": {"angle": 0, "axis": "y", "origin": [8, 10, 8]},
			"faces": {
				"up": {"uv": [0, 0, 16, 16], "rotation": 270, "texture": "#4", "cullface": "west"},
				"down": {"uv": [0, 0, 16, 16], "rotation": 270, "texture": "#4", "cullface": "west"}
			}
		},
		{
			"from": [-15.3, 6.9, 0],
			"to": [0.7, 6.9, 16],
			"rotation": {"angle": -22.5, "axis": "z", "origin": [8, 10, 8]},
			"faces": {
				"up": {"uv": [0, 0, 16, 16], "rotation": 270, "texture": "#3"},
				"down": {"uv": [0, 0, 16, 16], "rotation": 270, "texture": "#3"}
			}
		},
		{
			"from": [0, 9.99, 4],
			"to": [16, 9.99, 20],
			"rotation": {"angle": 0, "axis": "y", "origin": [8, 10, 8]},
			"faces": {
				"up": {"uv": [0, 0, 16, 16], "rotation": 180, "texture": "#4", "cullface": "south"},
				"down": {"uv": [0, 0, 16, 16], "texture": "#4", "cullface": "south"}
			}
		},
		{
			"from": [0, 6.9, 15.3],
			"to": [16, 6.9, 31.3],
			"rotation": {"angle": -22.5, "axis": "x", "origin": [8, 10, 8]},
			"faces": {
				"up": {"uv": [0, 0, 16, 16], "rotation": 180, "texture": "#3"},
				"down": {"uv": [0, 0, 16, 16], "texture": "#3"}
			}
		},
		{
			"from": [4, 9.99, 0],
			"to": [20, 9.99, 16],
			"rotation": {"angle": 0, "axis": "y", "origin": [8, 10, 8]},
			"faces": {
				"up": {"uv": [0, 0, 16, 16], "rotation": 90, "texture": "#4", "cullface": "east"},
				"down": {"uv": [0, 0, 16, 16], "rotation": 90, "texture": "#4", "cullface": "east"}
			}
		},
		{
			"from": [15.3, 6.9, 0],
			"to": [31.3, 6.9, 16],
			"rotation": {"angle": 22.5, "axis": "z", "origin": [8, 10, 8]},
			"faces": {
				"up": {"uv": [0, 0, 16, 16], "rotation": 90, "texture": "#3"},
				"down": {"uv": [0, 0, 16, 16], "rotation": 90, "texture": "#3"}
			}
		},
		{
			"from": [0, 9.999, -15.39104],
			"to": [16, 9.999, 0.60896],
			"rotation": {"angle": 45, "axis": "y", "origin": [8, 10, 8]},
			"faces": {
				"up": {"uv": [0, 0, 16, 16], "texture": "#3"},
				"down": {"uv": [0, 0, 16, 16], "rotation": 180, "texture": "#3"}
			}
		},
		{
			"from": [-4, 9.999, 0],
			"to": [12, 9.999, 16],
			"rotation": {"angle": 45, "axis": "y", "origin": [8, 10, 8]},
			"faces": {
				"up": {"uv": [0, 0, 16, 16], "rotation": 270, "texture": "#4"},
				"down": {"uv": [0, 0, 16, 16], "rotation": 270, "texture": "#4"}
			}
		},
		{
			"from": [-15.39104, 9.999, 0],
			"to": [0.60896, 9.999, 16],
			"rotation": {"angle": 45, "axis": "y", "origin": [8, 10, 8]},
			"faces": {
				"up": {"uv": [0, 0, 16, 16], "rotation": 270, "texture": "#3"},
				"down": {"uv": [0, 0, 16, 16], "rotation": 270, "texture": "#3"}
			}
		},
		{
			"from": [4, 9.999, 0],
			"to": [20, 9.999, 16],
			"rotation": {"angle": -45, "axis": "y", "origin": [8, 10, 8]},
			"faces": {
				"up": {"uv": [0, 0, 16, 16], "rotation": 90, "texture": "#4"},
				"down": {"uv": [0, 0, 16, 16], "rotation": 90, "texture": "#4"}
			}
		},
		{
			"from": [15.39104, 9.999, 0],
			"to": [31.39104, 9.999, 16],
			"rotation": {"angle": -45, "axis": "y", "origin": [8, 10, 8]},
			"faces": {
				"up": {"uv": [0, 0, 16, 16], "rotation": 90, "texture": "#3"},
				"down": {"uv": [0, 0, 16, 16], "rotation": 90, "texture": "#3"}
			}
		},
		{
			"from": [4, 9.999, 0],
			"to": [20, 9.999, 16],
			"rotation": {"angle": 45, "axis": "y", "origin": [8, 10, 8]},
			"faces": {
				"up": {"uv": [0, 0, 16, 16], "rotation": 90, "texture": "#4"},
				"down": {"uv": [0, 0, 16, 16], "rotation": 90, "texture": "#4"}
			}
		},
		{
			"from": [15.39104, 9.999, 0],
			"to": [31.39104, 9.999, 16],
			"rotation": {"angle": 45, "axis": "y", "origin": [8, 10, 8]},
			"faces": {
				"up": {"uv": [0, 0, 16, 16], "rotation": 90, "texture": "#3"},
				"down": {"uv": [0, 0, 16, 16], "rotation": 90, "texture": "#3"}
			}
		},
		{
			"name": "1",
			"from": [1, 13.89299, -1.74288],
			"to": [15, 13.89299, 5.25712],
			"shade": false,
			"rotation": {"angle": -45, "axis": "x", "origin": [8, 12.63688, 8], "rescale": true},
			"faces": {
				"up": {"uv": [0, 16, 16, 8], "texture": "#6"},
				"down": {"uv": [0, 16, 16, 8], "rotation": 180, "texture": "#5"}
			}
		},
		{
			"name": "2",
			"from": [6.74388, 2.89399, 1],
			"to": [6.74388, 9.89399, 15],
			"shade": false,
			"rotation": {"angle": -45, "axis": "z", "origin": [8, 12.63688, 8], "rescale": true},
			"faces": {
				"east": {"uv": [0, 16, 16, 8], "rotation": 180, "texture": "#6"},
				"west": {"uv": [0, 8, 16, 16], "texture": "#6"}
			}
		},
		{
			"name": "3",
			"from": [1, 13.89299, 10.74288],
			"to": [15, 13.89299, 17.74288],
			"shade": false,
			"rotation": {"angle": 45, "axis": "x", "origin": [8, 12.63688, 8], "rescale": true},
			"faces": {
				"up": {"uv": [0, 8, 16, 16], "texture": "#6"},
				"down": {"uv": [0, 8, 16, 16], "rotation": 180, "texture": "#6"}
			}
		},
		{
			"name": "4",
			"from": [9.25612, 2.89399, 1],
			"to": [9.25612, 9.89399, 15],
			"shade": false,
			"rotation": {"angle": 45, "axis": "z", "origin": [8, 12.63688, 8], "rescale": true},
			"faces": {
				"east": {"uv": [0, 8, 16, 16], "texture": "#6"},
				"west": {"uv": [1, 8, 15, 15], "texture": "#6"}
			}
		},
		{
			"name": "large_leaves",
			"from": [2.9, -5, 2.9],
			"to": [13.1, 11, 13.1],
			"rotation": {"angle": 0, "axis": "y", "origin": [0, 11, 0]},
			"faces": {
				"north": {"uv": [3, 0, 13, 16], "texture": "#1"},
				"east": {"uv": [3, 0, 13, 16], "texture": "#1"},
				"south": {"uv": [3, 0, 13, 16], "texture": "#1"},
				"west": {"uv": [3, 0, 13, 16], "texture": "#1"},
				"down": {"uv": [0, 0, 3, 3], "texture": "#1", "cullface": "down"}
			}
		},
		{
			"name": "chorus_plant",
			"from": [3, -1, 3],
			"to": [13, 11, 13],
			"faces": {
				"north": {"uv": [2, 2, 14, 14], "texture": "#8"},
				"east": {"uv": [2, 2, 14, 14], "texture": "#8"},
				"south": {"uv": [2, 2, 14, 14], "texture": "#8"},
				"west": {"uv": [2, 2, 14, 14], "texture": "#8"}
			}
		}
	],
	"groups": [
		{
			"name": "middle",
			"origin": [8, -1, 8],
			"color": 0,
			"children": [0, 1, 2, 3, 4]
		},
		{
			"name": "upper_petals",
			"origin": [8, 0, 8],
			"color": 0,
			"children": [
				{
					"name": "petal",
					"origin": [8, 0, 8],
					"color": 0,
					"children": [5, 6]
				},
				{
					"name": "petal2",
					"origin": [8, 0, 8],
					"color": 0,
					"children": [7, 8]
				},
				{
					"name": "petal3",
					"origin": [8, 0, 8],
					"color": 0,
					"children": [9, 10]
				},
				{
					"name": "petal4",
					"origin": [8, 0, 8],
					"color": 0,
					"children": [11, 12]
				}
			]
		},
		{
			"name": "lowers_petals",
			"origin": [8, -1, 8],
			"color": 0,
			"children": [
				{
					"name": "petal5",
					"origin": [8, -1, 8],
					"color": 0,
					"children": [13]
				},
				{
					"name": "petal6",
					"origin": [8, -1, 8],
					"color": 0,
					"children": [14, 15]
				},
				{
					"name": "petal7",
					"origin": [8, -1, 8],
					"color": 0,
					"children": [16, 17]
				},
				{
					"name": "petal8",
					"origin": [8, -1, 8],
					"color": 0,
					"children": [18, 19]
				}
			]
		},
		{
			"name": "base_leaves",
			"origin": [8, 8, 8],
			"color": 0,
			"children": [20, 21, 22, 23, 24]
		},
		25
	]
}