{
	"credit": "Made with Blockbench",
	"texture_size": [64, 64],
	"textures": {
		"0": "sgjourney:item/jaffa_staff_weapon"
	},
	"elements": [
		{
			"from": [5.5, -16, 7.5],
			"to": [10.5, -8, 8.5],
			"faces": {
				"north": {"uv": [1.5, 8.25, 2.75, 10.25], "texture": "#0"},
				"east": {"uv": [1.25, 8.25, 1.5, 10.25], "texture": "#0"},
				"south": {"uv": [3, 8.25, 4.25, 10.25], "texture": "#0"},
				"west": {"uv": [2.75, 8.25, 3, 10.25], "texture": "#0"},
				"up": {"uv": [2.75, 8.25, 1.5, 8], "texture": "#0"},
				"down": {"uv": [4, 8, 2.75, 8.25], "texture": "#0"}
			}
		},
		{
			"from": [7, -15, 7],
			"to": [9, -10, 9],
			"faces": {
				"north": {"uv": [1.75, 10.75, 2.25, 12], "texture": "#0"},
				"east": {"uv": [1.25, 10.75, 1.75, 12], "texture": "#0"},
				"south": {"uv": [2.75, 10.75, 3.25, 12], "texture": "#0"},
				"west": {"uv": [2.25, 10.75, 2.75, 12], "texture": "#0"},
				"up": {"uv": [2.25, 10.75, 1.75, 10.25], "texture": "#0"},
				"down": {"uv": [2.75, 10.25, 2.25, 10.75], "texture": "#0"}
			}
		},
		{
			"from": [7.5, -7, 7.5],
			"to": [8.5, 28, 8.5],
			"faces": {
				"north": {"uv": [0, 2, 0.25, 10.75], "texture": "#0"},
				"east": {"uv": [0, 2, 0.25, 10.75], "texture": "#0"},
				"south": {"uv": [0, 2, 0.25, 10.75], "texture": "#0"},
				"west": {"uv": [0, 2, 0.25, 10.75], "texture": "#0"},
				"up": {"uv": [0, 2, 0.25, 2.25], "texture": "#0"},
				"down": {"uv": [0, 2, 0.25, 2.25], "texture": "#0"}
			}
		},
		{
			"from": [6.5, 26, 8],
			"to": [9.5, 31, 8],
			"faces": {
				"south": {"uv": [1.5, 0, 2.25, 1.25], "texture": "#0"}
			}
		},
		{
			"from": [7, -8, 7],
			"to": [9, -7, 9],
			"faces": {
				"north": {"uv": [1.75, 7.75, 2.25, 8], "texture": "#0"},
				"east": {"uv": [1.25, 7.75, 1.75, 8], "texture": "#0"},
				"south": {"uv": [2.75, 7.75, 3.25, 8], "texture": "#0"},
				"west": {"uv": [2.25, 7.75, 2.75, 8], "texture": "#0"},
				"up": {"uv": [2.25, 7.75, 1.75, 7.25], "texture": "#0"},
				"down": {"uv": [2.75, 7.25, 2.25, 7.75], "texture": "#0"}
			}
		},
		{
			"from": [7, -2, 7],
			"to": [9, 0, 9],
			"rotation": {"angle": -22.5, "axis": "x", "origin": [8, -1, 8]},
			"faces": {
				"north": {"uv": [1.75, 6.75, 2.25, 7.25], "texture": "#0"},
				"east": {"uv": [1.25, 6.75, 1.75, 7.25], "texture": "#0"},
				"south": {"uv": [2.75, 6.75, 3.25, 7.25], "texture": "#0"},
				"west": {"uv": [2.25, 6.75, 2.75, 7.25], "texture": "#0"},
				"up": {"uv": [2.25, 6.75, 1.75, 6.25], "texture": "#0"},
				"down": {"uv": [2.75, 6.25, 2.25, 6.75], "texture": "#0"}
			}
		},
		{
			"from": [7, 1, 7],
			"to": [9, 7, 9],
			"faces": {
				"north": {"uv": [1.75, 4.75, 2.25, 6.25], "texture": "#0"},
				"east": {"uv": [1.25, 4.75, 1.75, 6.25], "texture": "#0"},
				"south": {"uv": [2.75, 4.75, 3.25, 6.25], "texture": "#0"},
				"west": {"uv": [2.25, 4.75, 2.75, 6.25], "texture": "#0"},
				"up": {"uv": [2.25, 4.75, 1.75, 4.25], "texture": "#0"},
				"down": {"uv": [2.75, 4.25, 2.25, 4.75], "texture": "#0"}
			}
		},
		{
			"from": [7, 18, 7],
			"to": [9, 22, 9],
			"rotation": {"angle": -22.5, "axis": "x", "origin": [8, 20, 8]},
			"faces": {
				"north": {"uv": [1.75, 3.25, 2.25, 4.25], "texture": "#0"},
				"east": {"uv": [1.25, 3.25, 1.75, 4.25], "texture": "#0"},
				"south": {"uv": [2.75, 3.25, 3.25, 4.25], "texture": "#0"},
				"west": {"uv": [2.25, 3.25, 2.75, 4.25], "texture": "#0"},
				"up": {"uv": [2.25, 3.25, 1.75, 2.75], "texture": "#0"},
				"down": {"uv": [2.75, 2.75, 2.25, 3.25], "texture": "#0"}
			}
		},
		{
			"from": [8, 25, 8],
			"to": [10, 32, 9],
			"rotation": {"angle": 0, "axis": "y", "origin": [9.5, 28.5, 9]},
			"faces": {
				"north": {"uv": [0.25, 0.25, 0.75, 2], "texture": "#0"},
				"east": {"uv": [0, 0.25, 0.25, 2], "texture": "#0"},
				"south": {"uv": [1, 0.25, 1.5, 2], "texture": "#0"},
				"west": {"uv": [0.75, 0.25, 1, 2], "texture": "#0"},
				"up": {"uv": [0.75, 0.25, 0.25, 0], "texture": "#0"},
				"down": {"uv": [1.25, 0, 0.75, 0.25], "texture": "#0"}
			}
		},
		{
			"from": [8, 25, 7],
			"to": [10, 32, 8],
			"rotation": {"angle": 0, "axis": "y", "origin": [9.5, 28.5, 7]},
			"faces": {
				"north": {"uv": [0.25, 0.25, 0.75, 2], "texture": "#0"},
				"east": {"uv": [0, 0.25, 0.25, 2], "texture": "#0"},
				"south": {"uv": [1, 0.25, 1.5, 2], "texture": "#0"},
				"west": {"uv": [0.75, 0.25, 1, 2], "texture": "#0"},
				"up": {"uv": [0.75, 0.25, 0.25, 0], "texture": "#0"},
				"down": {"uv": [1.25, 0, 0.75, 0.25], "texture": "#0"}
			}
		},
		{
			"from": [6, 25, 7],
			"to": [8, 32, 8],
			"rotation": {"angle": 0, "axis": "y", "origin": [6.5, 28.5, 7]},
			"faces": {
				"north": {"uv": [0.75, 0.25, 0.25, 2], "texture": "#0"},
				"east": {"uv": [1, 0.25, 0.75, 2], "texture": "#0"},
				"south": {"uv": [1.5, 0.25, 1, 2], "texture": "#0"},
				"west": {"uv": [0.25, 0.25, 0, 2], "texture": "#0"},
				"up": {"uv": [0.25, 0.25, 0.75, 0], "texture": "#0"},
				"down": {"uv": [0.75, 0, 1.25, 0.25], "texture": "#0"}
			}
		},
		{
			"from": [6, 25, 8],
			"to": [8, 32, 9],
			"rotation": {"angle": 0, "axis": "y", "origin": [6.5, 28.5, 9]},
			"faces": {
				"north": {"uv": [0.75, 0.25, 0.25, 2], "texture": "#0"},
				"east": {"uv": [1, 0.25, 0.75, 2], "texture": "#0"},
				"south": {"uv": [1.5, 0.25, 1, 2], "texture": "#0"},
				"west": {"uv": [0.25, 0.25, 0, 2], "texture": "#0"},
				"up": {"uv": [0.25, 0.25, 0.75, 0], "texture": "#0"},
				"down": {"uv": [0.75, 0, 1.25, 0.25], "texture": "#0"}
			}
		}
	],
	"display": {
		"thirdperson_righthand": {
			"translation": [0, 2, 0]
		},
		"thirdperson_lefthand": {
			"translation": [0, 2, 0]
		},
		"ground": {
			"rotation": [-15, 0, 0],
			"translation": [0, 10, 0],
			"scale": [0.5, 0.5, 0.5]
		},
		"gui": {
			"rotation": [-30, 0, -30],
			"scale": [0.5, 0.5, 0.5]
		},
		"fixed": {
			"scale": [0.5, 0.5, 0.5]
		}
	},
	"groups": [
		{
			"name": "group",
			"origin": [0, 0, 0],
			"color": 0,
			"children": [
				0,
				1,
				2,
				3,
				4,
				5,
				6,
				7,
				{
					"name": "group",
					"origin": [6.5, 28.5, 9],
					"color": 0,
					"children": [8, 9, 10, 11]
				}
			]
		}
	]
}